Prof Albert Wood,M5S 3E1
Prof Ronald Gilbert,M5G 0A4
Prof Earl Adams,M5S 1A8
Prof Kelly Fernandez,M5S 3E1
Prof Joseph Wood,M5G 0A4
Prof Margaret Reid,M5G 0A4
Prof Elizabeth Reed,M5S 1A8
Prof Frank Chavez,M5G 0A4
Prof Heather Butler,M5G 0A4
Prof Joyce Simmons,M5S 3E1
Prof Ryan Richardson,M5G 0A4
Prof Andrew Stanley,M5S 1A8
Prof Judith Perez,M5G 0A4
Prof Sandra Carroll,M5G 0A4
Prof Susan Black,M5G 0A4
Prof John Duncan,M5G 0A4
Prof Howard Rivera,M5G 0A4
Prof Rebecca Reynolds,M5S 3E1
Prof Christina Ryan,M5G 0A4
Prof Lawrence Ryan,M5G 0A4
Prof Matthew Young,M5S 1A8
Prof Joyce Henderson,M5G 0A4
Prof Patrick Bishop,M5S 1A8
Prof Wayne Walker,M5S 1A8
Prof Matthew Sims,M5S 1A8
Prof Ryan Chavez,M5S 1A8
Prof Eugene Crawford,M5S 3E1
Prof Denise Gibson,M5S 3E1
Prof Edward Ray,M5G 0A4
Prof Ruby Oliver,M5S 1A8
Prof William Hall,M5S 3E1
Prof Anne Graham,M5S 3E1
Prof Margaret Patterson,M5S 1A8
Prof Paul Davis,M5S 1A8
Prof Jimmy Howell,M5G 0A4
Prof Mary Shaw,M5G 0A4
Prof Jacqueline Gray,M5S 1A8
Prof Janice Weaver,M5S 1A8
Prof Carl Kelly,M5G 0A4
Prof Julie Taylor,M5S 3E1
Prof Benjamin Wallace,M5S 3E1
Prof Wayne Reyes,M5G 0A4
Prof Stephanie Sanchez,M5S 3E1
Prof James Gonzalez,M5S 3E1
Prof Ashley Shaw,M5S 3E1
Prof Nancy Johnston,M5G 0A4
Prof Brandon Rose,M5S 3E1
Prof Joyce Vasquez,M5S 1A8
Prof Harry Reyes,M5G 0A4
Prof Stephen Ellis,M5S 3E1
